Feature,Chi2,ANOVA,MutualInfo,Variance,RFE_Rank,SFS,RandomForest,Permutation,LASSO,ElasticNet,Ridge,LogReg,DecisionTree,Algorithms_Ranked
meanF0Hz,0.0025765202932354933,0.005415571225407202,0.004739149802323376,0.5,0.010804332312516627,0.0,0.027467572012998435,0.0,0.5088508840827274,0.4988228713938391,0.5036643494555032,0.6656343035085094,0.022331649875496972,"['LogReg', 'LASSO', 'Ridge', 'Variance', 'ElasticNet', 'RandomForest', 'DecisionTree', 'RFE_Rank', 'ANOVA', 'MutualInfo', 'Chi2', 'SFS', 'Permutation']"
maxF0Hz,0.2411834123997623,0.21686060954111722,0.22241400135820402,0.5,0.006224718232972103,0.0,0.047931189862143675,0.0,0.14854031983803423,0.17386460019821628,0.21034738070863915,0.25294795344394727,0.0,"['Variance', 'LogReg', 'Chi2', 'MutualInfo', 'ANOVA', 'Ridge', 'ElasticNet', 'LASSO', 'RandomForest', 'RFE_Rank', 'SFS', 'Permutation', 'DecisionTree']"
minF0Hz,0.0005267175813583502,0.0026211975344469225,0.2343741393365028,1.0,0.002818630234374965,0.0,0.0315156434238671,0.0,0.17619123749232274,0.21577076741352824,0.23546808965150592,0.1999335456444967,0.010599177445444443,"['Variance', 'Ridge', 'MutualInfo', 'ElasticNet', 'LogReg', 'LASSO', 'RandomForest', 'DecisionTree', 'RFE_Rank', 'ANOVA', 'Chi2', 'SFS', 'Permutation']"
stdF0Hz,0.21372204168505163,0.16511883777777597,0.18656063674406276,0.5,0.005974270586799081,0.0,0.021668539860452838,0.0,0.08632029929466076,0.08719698943533466,0.11801440109264867,0.1734688492310381,0.020654807329584027,"['Variance', 'Chi2', 'MutualInfo', 'LogReg', 'ANOVA', 'Ridge', 'ElasticNet', 'LASSO', 'RandomForest', 'DecisionTree', 'RFE_Rank', 'SFS', 'Permutation']"
jitter_local,0.019369526439172658,0.010712362771089057,0.05363431435699066,0.25,0.004830922635300639,0.0,0.04463849107417555,0.0,0.0,0.03670413787443062,0.10125032309113054,0.08979900827127138,0.05947554631330365,"['Variance', 'Ridge', 'LogReg', 'DecisionTree', 'MutualInfo', 'RandomForest', 'ElasticNet', 'Chi2', 'ANOVA', 'RFE_Rank', 'SFS', 'Permutation', 'LASSO']"
jitter_abs,0.0027352989818694427,0.0028711949059216017,0.0,0.5,0.004621853295318063,0.0,0.042209604041448266,0.0,0.0,0.0,0.0721640803530367,0.10458474474451007,0.0,"['Variance', 'LogReg', 'Ridge', 'RandomForest', 'RFE_Rank', 'ANOVA', 'Chi2', 'MutualInfo', 'SFS', 'Permutation', 'LASSO', 'ElasticNet', 'DecisionTree']"
jitter_rap,0.033392589512616914,0.015876948096341766,0.14132328629624946,1.0,0.013679903922628774,0.0,0.052602952305726834,0.0,0.0,0.00624593791174825,0.058370294439682585,0.05460953965029203,0.0,"['Variance', 'MutualInfo', 'Ridge', 'LogReg', 'RandomForest', 'Chi2', 'ANOVA', 'RFE_Rank', 'ElasticNet', 'SFS', 'Permutation', 'LASSO', 'DecisionTree']"
jitter_ddp,0.03339258951261687,0.015876948096341825,0.14132328629624946,0.25,0.0008255942121557679,0.0,0.02933520513753561,0.0,0.0,0.0062459379117536275,0.05837029443967808,0.0546095396502904,0.0,"['Variance', 'MutualInfo', 'Ridge', 'LogReg', 'Chi2', 'RandomForest', 'ANOVA', 'ElasticNet', 'RFE_Rank', 'SFS', 'Permutation', 'LASSO', 'DecisionTree']"
jitter_ppq5,0.12529543324013528,0.04374162691069843,0.013273733745081765,0.25,0.009615394045857808,0.0,0.040659320360550824,0.0,0.0,0.0,0.09928607466735384,0.11948731977038524,0.0,"['Variance', 'Chi2', 'LogReg', 'Ridge', 'ANOVA', 'RandomForest', 'MutualInfo', 'RFE_Rank', 'SFS', 'Permutation', 'LASSO', 'ElasticNet', 'DecisionTree']"
shimmer_local,0.1018536102465814,0.057080907104559,0.22739089938424575,0.5,0.007311406323402552,0.0,0.020282431060844666,0.0,0.23063863947230684,0.293454731221064,0.3153326533451203,0.34504731944711525,0.0,"['Variance', 'LogReg', 'Ridge', 'ElasticNet', 'LASSO', 'MutualInfo', 'Chi2', 'ANOVA', 'RandomForest', 'RFE_Rank', 'SFS', 'Permutation', 'DecisionTree']"
shimmer_db,0.010696070669076577,0.00474817556194867,0.06701438976923148,0.5,0.009248991686386026,0.0,0.027101221799327814,0.0,0.08200118781315145,0.12331884090267453,0.1515510045150982,0.1862304984896031,0.0,"['Variance', 'LogReg', 'Ridge', 'ElasticNet', 'LASSO', 'MutualInfo', 'RandomForest', 'Chi2', 'RFE_Rank', 'ANOVA', 'SFS', 'Permutation', 'DecisionTree']"
shimmer_apq3,0.6369031273487283,0.5296999862107924,0.6684115119571599,1.0,0.08199650947981821,1.0,0.2671356704288493,0.0,0.11152371523565538,0.16548103680502627,0.2112860489204963,0.17749394600353843,0.0,"['Variance', 'SFS', 'MutualInfo', 'Chi2', 'ANOVA', 'RandomForest', 'Ridge', 'LogReg', 'ElasticNet', 'LASSO', 'RFE_Rank', 'Permutation', 'DecisionTree']"
shimmer_apq5,0.6029816126953724,0.45612900224378977,0.5087488540615537,0.5,0.134453896758687,0.0,0.2920029712819842,0.0,0.44821807336155,0.49488211090225576,0.4949987178371884,0.48802023904653163,0.031261968737691166,"['Chi2', 'MutualInfo', 'Variance', 'Ridge', 'ElasticNet', 'LogReg', 'ANOVA', 'LASSO', 'RandomForest', 'RFE_Rank', 'DecisionTree', 'SFS', 'Permutation']"
shimmer_dda,0.6369031273487281,0.5296999862107918,0.6684115119571599,0.25,1.0,0.0,0.33729947352662965,0.0,0.11152371523563291,0.16548103680502796,0.21128604892047703,0.177493946003539,0.2715107137632009,"['RFE_Rank', 'MutualInfo', 'Chi2', 'ANOVA', 'RandomForest', 'DecisionTree', 'Variance', 'Ridge', 'LogReg', 'ElasticNet', 'LASSO', 'SFS', 'Permutation']"
hnr,0.1759647781606066,0.3531750649928569,0.4764001642687254,0.0,0.036096291140008153,0.0,0.18943191903301537,0.0,0.12519091555604028,0.20645278739069264,0.2792861761524608,0.2723685553062374,0.0,"['MutualInfo', 'ANOVA', 'Ridge', 'LogReg', 'ElasticNet', 'RandomForest', 'Chi2', 'LASSO', 'RFE_Rank', 'Variance', 'SFS', 'Permutation', 'DecisionTree']"
mfcc0,0.0020120787087137136,0.014426838399040033,0.27932346389183044,0.0,0.07434647337962395,0.0,0.12965878111972434,0.0,0.06461410790020401,0.0,0.06748769777326993,0.004203950097146586,0.0,"['MutualInfo', 'RandomForest', 'RFE_Rank', 'Ridge', 'LASSO', 'ANOVA', 'LogReg', 'Chi2', 'Variance', 'SFS', 'Permutation', 'ElasticNet', 'DecisionTree']"
mfcc1,0.01454000650274183,0.0025295620120820927,0.2685822114583548,0.25,0.005496143261941978,0.0,0.030732890977999864,0.0,0.0,0.0,0.01707696399195777,0.04026371955046302,0.0,"['MutualInfo', 'Variance', 'LogReg', 'RandomForest', 'Ridge', 'Chi2', 'RFE_Rank', 'ANOVA', 'SFS', 'Permutation', 'LASSO', 'ElasticNet', 'DecisionTree']"
mfcc2,0.002611522290327733,0.003930816025850643,0.0,1.0,0.0014161234047445998,0.0,0.0443160888980275,0.0,0.0,0.02896093767746911,0.11947928811392762,0.11972558747871943,0.02684660076642179,"['Variance', 'LogReg', 'Ridge', 'RandomForest', 'ElasticNet', 'DecisionTree', 'ANOVA', 'Chi2', 'RFE_Rank', 'MutualInfo', 'SFS', 'Permutation', 'LASSO']"
mfcc3,0.036032789109502486,0.05765835852953389,0.22460656060526,0.25,0.017488093327030864,0.0,0.05486763938023594,0.0,0.0,0.0,0.03136369195439717,0.08693441819932365,0.05956034940902347,"['Variance', 'MutualInfo', 'LogReg', 'DecisionTree', 'ANOVA', 'RandomForest', 'Chi2', 'Ridge', 'RFE_Rank', 'SFS', 'Permutation', 'LASSO', 'ElasticNet']"
mfcc4,0.3602789529465776,0.13861736288008578,0.6052148156815076,0.5,0.06232498784513392,0.0,0.1747062260383351,0.0,0.0,0.04638164104673819,0.09728087528593912,0.07788932350424253,0.02119835489088888,"['MutualInfo', 'Variance', 'Chi2', 'RandomForest', 'ANOVA', 'Ridge', 'LogReg', 'RFE_Rank', 'ElasticNet', 'DecisionTree', 'SFS', 'Permutation', 'LASSO']"
mfcc5,0.15688334365175474,0.17071076319374567,0.26710464049711896,0.5,0.03828201591747636,0.0,0.18780815765364517,0.0,0.0,0.0,0.017707944509301944,0.027434526370528328,0.0,"['Variance', 'MutualInfo', 'RandomForest', 'ANOVA', 'Chi2', 'RFE_Rank', 'LogReg', 'Ridge', 'SFS', 'Permutation', 'LASSO', 'ElasticNet', 'DecisionTree']"
mfcc6,0.19941642996873535,0.29234956882269564,0.3855479211042623,1.0,0.040686313161762765,0.0,0.08973839148898646,0.0,0.03257860965722603,0.078563644645411,0.0872629010319342,0.12938724060864543,0.07096840550428019,"['Variance', 'MutualInfo', 'ANOVA', 'Chi2', 'LogReg', 'RandomForest', 'Ridge', 'ElasticNet', 'DecisionTree', 'RFE_Rank', 'LASSO', 'SFS', 'Permutation']"
mfcc7,0.4835047481940364,0.7187558942813864,0.6991804707984747,1.0,0.49509828676458206,0.0,0.4908050368582194,0.0,0.10431994404254585,0.16498595254920875,0.19702228694636847,0.21006011386357537,0.0,"['Variance', 'ANOVA', 'MutualInfo', 'RFE_Rank', 'RandomForest', 'Chi2', 'LogReg', 'Ridge', 'ElasticNet', 'LASSO', 'SFS', 'Permutation', 'DecisionTree']"
mfcc8,0.5551779081218767,0.7620270251078105,0.7961497956577821,1.0,1.0,0.0,0.3624559034856362,0.0,0.015436701105595965,0.117763661848734,0.1673887063292427,0.1231846640038509,0.033897223189926495,"['Variance', 'RFE_Rank', 'MutualInfo', 'ANOVA', 'Chi2', 'RandomForest', 'Ridge', 'LogReg', 'ElasticNet', 'DecisionTree', 'LASSO', 'SFS', 'Permutation']"
mfcc9,0.26901835011177694,0.3934103241938098,0.4104113201661695,0.5,0.10239660518033364,0.0,0.19942079890309278,0.0,0.13158345366542867,0.18002263318134534,0.20614375743917493,0.21207926304597205,0.3312518512407081,"['Variance', 'MutualInfo', 'ANOVA', 'DecisionTree', 'Chi2', 'LogReg', 'Ridge', 'RandomForest', 'ElasticNet', 'LASSO', 'RFE_Rank', 'SFS', 'Permutation']"
mfcc10,0.1592329337834943,0.18827067046052734,0.25292121143480184,0.5,0.002076126619173598,0.0,0.030297969653938873,0.0,0.0,0.051672448046330886,0.0859385706537642,0.13112879970421437,0.005289181046518761,"['Variance', 'MutualInfo', 'ANOVA', 'Chi2', 'LogReg', 'Ridge', 'ElasticNet', 'RandomForest', 'DecisionTree', 'RFE_Rank', 'SFS', 'Permutation', 'LASSO']"
mfcc11,0.09125909859879192,0.06123664657282922,0.2946604120452421,1.0,0.002217555879296137,0.0,0.007863311804904823,0.0,0.09658312995924968,0.1319309841830972,0.1601599098769375,0.163497018919596,0.0,"['Variance', 'MutualInfo', 'LogReg', 'Ridge', 'ElasticNet', 'LASSO', 'Chi2', 'ANOVA', 'RandomForest', 'RFE_Rank', 'SFS', 'Permutation', 'DecisionTree']"
mel_mean0,0.2786656875473005,0.2653304671885213,0.44780976593650695,0.0,0.19215701647055747,1.0,0.39857217067415257,0.0,0.0,0.0,0.10003877140868903,0.08650983714633698,0.13377556564762133,"['SFS', 'MutualInfo', 'RandomForest', 'Chi2', 'ANOVA', 'RFE_Rank', 'DecisionTree', 'Ridge', 'LogReg', 'Variance', 'Permutation', 'LASSO', 'ElasticNet']"
mel_mean1,0.2778610810463692,0.11168119436945201,0.29356423398897136,0.5,1.0,0.0,0.2657851652681346,0.0,0.8671138846381415,0.6392473150087142,0.5856011573062706,0.624123283729796,0.26962537503874623,"['RFE_Rank', 'LASSO', 'ElasticNet', 'LogReg', 'Ridge', 'Variance', 'MutualInfo', 'Chi2', 'DecisionTree', 'RandomForest', 'ANOVA', 'SFS', 'Permutation']"
mel_mean2,0.06401716869077648,0.002551460258287621,0.37957883169323503,0.5,0.1164216704963108,0.0,0.203554125850795,0.0,0.0,0.2533955968955001,0.3449678114994342,0.32660740312473524,0.09253963325476336,"['Variance', 'MutualInfo', 'Ridge', 'LogReg', 'ElasticNet', 'RandomForest', 'RFE_Rank', 'DecisionTree', 'Chi2', 'ANOVA', 'SFS', 'Permutation', 'LASSO']"
mel_mean3,0.007317631798896954,0.10981858452622958,0.30477297973449324,0.5,0.011681279684712031,0.0,0.049051350615868634,0.0,0.2976992295467974,0.1736157948998777,0.1543606468245411,0.11721021756638539,0.0,"['Variance', 'MutualInfo', 'LASSO', 'ElasticNet', 'Ridge', 'LogReg', 'ANOVA', 'RandomForest', 'RFE_Rank', 'Chi2', 'SFS', 'Permutation', 'DecisionTree']"
mel_mean4,0.002207086348338751,0.11775917269159712,0.5027240606969164,0.5,0.022770420517842217,0.0,0.08910701464192754,0.0,0.19495034349249202,0.1312874042177791,0.15774810571773817,0.08933562331982915,0.15928095535825273,"['MutualInfo', 'Variance', 'LASSO', 'DecisionTree', 'Ridge', 'ElasticNet', 'ANOVA', 'LogReg', 'RandomForest', 'RFE_Rank', 'Chi2', 'SFS', 'Permutation']"
mel_mean5,0.012525801035973014,0.12396608440198807,0.41959853294871796,1.0,0.005731529021928212,0.0,0.04217546781061176,0.0,0.14239879128598498,0.12288832442631172,0.14521665637913503,0.12549730844436777,0.0379010834349484,"['Variance', 'MutualInfo', 'Ridge', 'LASSO', 'LogReg', 'ANOVA', 'ElasticNet', 'RandomForest', 'DecisionTree', 'Chi2', 'RFE_Rank', 'SFS', 'Permutation']"
mel_mean6,0.009212771088208501,0.1422325714492359,0.6373789429221538,0.25,0.012148349480150972,0.0,0.05229909974903827,0.0,0.0,0.07315636972686866,0.10167121616304389,0.11132968899107232,0.010738640306568716,"['MutualInfo', 'Variance', 'ANOVA', 'LogReg', 'Ridge', 'ElasticNet', 'RandomForest', 'RFE_Rank', 'DecisionTree', 'Chi2', 'SFS', 'Permutation', 'LASSO']"
mel_mean7,0.019914886204704225,0.02691625936188521,0.49868432452289674,0.0,0.01904763755101988,0.0,0.04284412046932328,0.0,0.0,0.0,0.021295919693207252,0.01803387386000491,0.0,"['MutualInfo', 'RandomForest', 'ANOVA', 'Ridge', 'Chi2', 'RFE_Rank', 'LogReg', 'Variance', 'SFS', 'Permutation', 'LASSO', 'ElasticNet', 'DecisionTree']"
mel_mean8,0.010711279698016872,0.03254895044315581,0.40867173947371366,0.5,0.0019379864115738029,0.0,0.028242388249188028,0.0,0.0,0.06975574227998005,0.09453420174064157,0.03282533242256576,0.010738640306568716,"['Variance', 'MutualInfo', 'Ridge', 'ElasticNet', 'LogReg', 'ANOVA', 'RandomForest', 'DecisionTree', 'Chi2', 'RFE_Rank', 'SFS', 'Permutation', 'LASSO']"
mel_mean9,0.036752202678289034,0.010641555789499607,0.49873737978317173,0.5,0.008228299397884012,0.0,0.019466876321337683,0.0,0.0,0.05146177563631294,0.10562589515704163,0.17996257872358332,0.0,"['Variance', 'MutualInfo', 'LogReg', 'Ridge', 'ElasticNet', 'Chi2', 'RandomForest', 'ANOVA', 'RFE_Rank', 'SFS', 'Permutation', 'LASSO', 'DecisionTree']"
mel_mean10,0.04875653002681178,0.0,0.42796224078909434,0.25,0.008896159784421152,0.0,0.0396259557414088,0.0,0.0,0.013546560968027149,0.09546864297400201,0.0834241399236433,0.0,"['MutualInfo', 'Variance', 'Ridge', 'LogReg', 'Chi2', 'RandomForest', 'ElasticNet', 'RFE_Rank', 'ANOVA', 'SFS', 'Permutation', 'LASSO', 'DecisionTree']"
mel_mean11,0.013676570530045586,0.00891023644098941,0.2080591796965829,1.0,0.0001941372529798109,0.0,0.010634209352698008,0.0,0.0,0.05086580581013725,0.09472839705089019,0.14270332425132423,0.0,"['Variance', 'MutualInfo', 'LogReg', 'Ridge', 'ElasticNet', 'Chi2', 'RandomForest', 'ANOVA', 'RFE_Rank', 'SFS', 'Permutation', 'LASSO', 'DecisionTree']"
mel_mean12,0.014550159296713038,0.004056821990171423,0.2068021220181328,0.25,0.0038420811616464933,0.0,0.032370619492760266,0.0,0.0,0.0,0.02162852797639869,0.06708208250059328,0.0,"['Variance', 'MutualInfo', 'LogReg', 'RandomForest', 'Ridge', 'Chi2', 'ANOVA', 'RFE_Rank', 'SFS', 'Permutation', 'LASSO', 'ElasticNet', 'DecisionTree']"
mel_mean13,0.002734486937444937,0.009523111370310453,0.09802209999087871,1.0,0.0,0.0,0.0,0.0,0.0,0.050554006769406405,0.16137170820484037,0.165077645906244,0.0,"['Variance', 'LogReg', 'Ridge', 'MutualInfo', 'ElasticNet', 'ANOVA', 'Chi2', 'RFE_Rank', 'SFS', 'RandomForest', 'Permutation', 'LASSO', 'DecisionTree']"
mel_mean14,0.0001317336442080335,0.016339343671674767,0.1291508679989907,0.25,9.611697329835439e-05,0.0,0.015894317683349105,0.0,0.0,0.0,0.0015227720966646586,0.014954466460720838,0.0,"['Variance', 'MutualInfo', 'ANOVA', 'RandomForest', 'LogReg', 'Ridge', 'Chi2', 'RFE_Rank', 'SFS', 'Permutation', 'LASSO', 'ElasticNet', 'DecisionTree']"
mel_mean15,0.002149811454909983,0.01261760906782493,0.25140662724343793,1.0,0.0005002005751280065,0.0,0.025429469251826275,0.0,0.0,0.0,0.018222368368257857,0.001210505667730558,0.0,"['Variance', 'MutualInfo', 'RandomForest', 'Ridge', 'ANOVA', 'Chi2', 'LogReg', 'RFE_Rank', 'SFS', 'Permutation', 'LASSO', 'ElasticNet', 'DecisionTree']"
mel_mean16,0.0,0.006691817573479302,0.07320673839691663,0.0,0.0016711246467853498,0.0,0.03215475819509796,0.0,0.0,0.0,0.09064548331266678,0.11853457288047524,0.0,"['LogReg', 'Ridge', 'MutualInfo', 'RandomForest', 'ANOVA', 'RFE_Rank', 'Chi2', 'Variance', 'SFS', 'Permutation', 'LASSO', 'ElasticNet', 'DecisionTree']"
mel_mean17,0.0054464394914362875,0.000346492304812432,0.04371526595279684,0.25,0.0031422856560441017,0.0,0.03453647232749696,0.0,0.0,0.0,0.023312236561271262,0.06579232052815592,0.025772736735764915,"['Variance', 'LogReg', 'MutualInfo', 'RandomForest', 'DecisionTree', 'Ridge', 'Chi2', 'RFE_Rank', 'ANOVA', 'SFS', 'Permutation', 'LASSO', 'ElasticNet']"
mel_mean18,0.0336159775593683,0.0010237518380360833,0.18825563362532238,0.25,0.021752472053078387,0.0,0.05042069383524856,0.0,0.0,0.0,0.012602101546507425,0.009517738900584933,0.0,"['Variance', 'MutualInfo', 'RandomForest', 'Chi2', 'RFE_Rank', 'Ridge', 'LogReg', 'ANOVA', 'SFS', 'Permutation', 'LASSO', 'ElasticNet', 'DecisionTree']"
mel_mean19,0.03610020867051162,0.0009057496954941185,0.32408057635519144,0.5,0.0250169274673,0.0,0.03481725896100242,0.0,0.0,0.0,0.02126819266929975,0.02317099777234259,0.0,"['Variance', 'MutualInfo', 'Chi2', 'RandomForest', 'RFE_Rank', 'LogReg', 'Ridge', 'ANOVA', 'SFS', 'Permutation', 'LASSO', 'ElasticNet', 'DecisionTree']"
mel_mean20,0.0373084171701471,0.0006073527163096994,0.2701191333859157,0.5,0.013146180405322994,0.0,0.0415868072583879,0.0,0.0,0.01137115190515701,0.09255512773184482,0.07733137352123627,0.016107960459853073,"['Variance', 'MutualInfo', 'Ridge', 'LogReg', 'RandomForest', 'Chi2', 'DecisionTree', 'RFE_Rank', 'ElasticNet', 'ANOVA', 'SFS', 'Permutation', 'LASSO']"
mel_mean21,0.029198143118810877,0.00019577289958445888,0.3724753386201373,0.5,0.007606498347555304,0.0,0.02680454654684183,0.0,0.0,0.0,0.04246363356977839,0.030521332271475323,0.010317517157291536,"['Variance', 'MutualInfo', 'Ridge', 'LogReg', 'Chi2', 'RandomForest', 'DecisionTree', 'RFE_Rank', 'ANOVA', 'SFS', 'Permutation', 'LASSO', 'ElasticNet']"
mel_mean22,0.038358726655088014,0.0009035966154047777,0.13194936126797532,0.25,0.014239042844915414,0.0,0.043068893524890066,0.0,0.0,0.0,0.05110362796551722,0.06026545215941781,0.0,"['Variance', 'MutualInfo', 'LogReg', 'Ridge', 'RandomForest', 'Chi2', 'RFE_Rank', 'ANOVA', 'SFS', 'Permutation', 'LASSO', 'ElasticNet', 'DecisionTree']"
mel_mean23,0.04226902506460422,2.5728168178750936e-05,0.43308130207153983,0.5,0.003482975573366421,0.0,0.040314203902372114,0.0,0.0,0.0,0.016010925150342817,0.029620498522874253,0.010738640306568716,"['Variance', 'MutualInfo', 'Chi2', 'RandomForest', 'LogReg', 'Ridge', 'DecisionTree', 'RFE_Rank', 'ANOVA', 'SFS', 'Permutation', 'LASSO', 'ElasticNet']"
mel_mean24,0.0405967358634612,0.00048122608027214046,0.4295483298627378,0.25,0.005267783942447476,0.0,0.030705511001227224,0.0,0.0,0.0026011020704778554,0.07707619153391584,0.08103794825931435,0.0,"['MutualInfo', 'Variance', 'LogReg', 'Ridge', 'Chi2', 'RandomForest', 'RFE_Rank', 'ElasticNet', 'ANOVA', 'SFS', 'Permutation', 'LASSO', 'DecisionTree']"
mel_mean25,0.039138169760405225,0.000641836401117086,0.42737027052617255,1.0,0.00422113706010948,0.0,0.0327006932087325,0.0,0.0004678326695562406,0.05641228118507327,0.12246656544706712,0.13600789328522087,0.0,"['Variance', 'MutualInfo', 'LogReg', 'Ridge', 'ElasticNet', 'Chi2', 'RandomForest', 'RFE_Rank', 'ANOVA', 'LASSO', 'SFS', 'Permutation', 'DecisionTree']"
mel_mean26,0.027576312758723277,0.0018403178342969325,0.2681443610127579,0.25,0.01039216704705862,0.0,0.033672160140660615,0.0,0.0,0.0,0.004800327007626446,0.03132301973497439,0.0,"['MutualInfo', 'Variance', 'RandomForest', 'LogReg', 'Chi2', 'RFE_Rank', 'Ridge', 'ANOVA', 'SFS', 'Permutation', 'LASSO', 'ElasticNet', 'DecisionTree']"
mel_mean27,0.022580626245835983,0.006300034879064176,0.35080796547973375,0.5,0.023856232211328203,0.0,0.05214095382017732,0.0,0.0,0.01121195437250041,0.0675828832161212,0.10533203998721886,0.0,"['Variance', 'MutualInfo', 'LogReg', 'Ridge', 'RandomForest', 'RFE_Rank', 'Chi2', 'ElasticNet', 'ANOVA', 'SFS', 'Permutation', 'LASSO', 'DecisionTree']"
mel_mean28,0.043132985205330925,0.003945802886999664,0.4937858284019508,0.5,0.01824620510318276,0.0,0.005727128212066065,0.0,0.1283370593188501,0.12256361863806362,0.13206592283887683,0.13678500213436662,0.0,"['Variance', 'MutualInfo', 'LogReg', 'Ridge', 'LASSO', 'ElasticNet', 'Chi2', 'RFE_Rank', 'RandomForest', 'ANOVA', 'SFS', 'Permutation', 'DecisionTree']"
mel_mean29,0.03948697361152519,0.003613142649255992,0.5877282778569081,0.5,0.0026627961423862025,0.0,0.052159437480338085,0.0,0.0,0.04281547203068143,0.07890748546027694,0.05482865804838439,0.0,"['MutualInfo', 'Variance', 'Ridge', 'LogReg', 'RandomForest', 'ElasticNet', 'Chi2', 'ANOVA', 'RFE_Rank', 'SFS', 'Permutation', 'LASSO', 'DecisionTree']"
mel_mean30,0.01281698984840691,0.01079463837323053,0.33681208318687667,0.5,0.008556158133203541,0.0,0.04648692987475124,0.0,0.0,0.0,0.09440553537495448,0.14278110604953012,0.0,"['Variance', 'MutualInfo', 'LogReg', 'Ridge', 'RandomForest', 'Chi2', 'ANOVA', 'RFE_Rank', 'SFS', 'Permutation', 'LASSO', 'ElasticNet', 'DecisionTree']"
mel_mean31,0.005599486082859421,0.017448158710486546,0.38440622464090163,0.25,0.0025107628818630077,0.0,0.013609859071966575,0.0,0.0,0.0,0.014337689858939096,0.05472898483269225,0.039760504109449306,"['MutualInfo', 'Variance', 'LogReg', 'DecisionTree', 'ANOVA', 'Ridge', 'RandomForest', 'Chi2', 'RFE_Rank', 'SFS', 'Permutation', 'LASSO', 'ElasticNet']"
mel_mean32,0.008622134609625371,0.012102729652851413,0.25647726133453086,0.25,0.005046141073427569,0.0,0.017121426951143603,0.0,0.21284188337189305,0.14187778759304934,0.1358045512541095,0.131130266081956,0.0,"['MutualInfo', 'Variance', 'LASSO', 'ElasticNet', 'Ridge', 'LogReg', 'RandomForest', 'ANOVA', 'Chi2', 'RFE_Rank', 'SFS', 'Permutation', 'DecisionTree']"
mel_mean33,0.00234979302302204,0.013645626162167744,0.12708235716584365,1.0,0.004418673232435148,0.0,0.031070558962624895,0.0,0.0,0.03234331915725172,0.059279057237078804,0.07339394472893104,0.04066385947406282,"['Variance', 'MutualInfo', 'LogReg', 'Ridge', 'DecisionTree', 'ElasticNet', 'RandomForest', 'ANOVA', 'RFE_Rank', 'Chi2', 'SFS', 'Permutation', 'LASSO']"
mel_mean34,0.008302894054086959,0.003263637648410621,0.13710130355549394,0.5,0.012636177932703671,0.0,0.03660596586303322,0.0,0.02250572942749727,0.10306028075315717,0.14698361847586433,0.16590569356084142,0.0,"['Variance', 'LogReg', 'Ridge', 'MutualInfo', 'ElasticNet', 'RandomForest', 'LASSO', 'RFE_Rank', 'Chi2', 'ANOVA', 'SFS', 'Permutation', 'DecisionTree']"
mel_mean35,0.001146630035272568,0.010418637797449361,0.40839996622016134,1.0,0.0011722091731068485,0.0,0.03861090780735135,0.0,0.05488562758724946,0.11984315727518217,0.17447921824516444,0.18834013226782315,0.0,"['Variance', 'MutualInfo', 'LogReg', 'Ridge', 'ElasticNet', 'LASSO', 'RandomForest', 'ANOVA', 'RFE_Rank', 'Chi2', 'SFS', 'Permutation', 'DecisionTree']"
mel_mean36,0.03426191056599783,0.08752498982213686,0.45580712614880514,0.0,0.0006064287384419122,0.0,0.012935103913247306,0.0,0.0,0.0,0.011420619019771152,0.004924965377061005,0.0,"['MutualInfo', 'ANOVA', 'Chi2', 'RandomForest', 'Ridge', 'LogReg', 'RFE_Rank', 'Variance', 'SFS', 'Permutation', 'LASSO', 'ElasticNet', 'DecisionTree']"
mel_mean37,0.1253493727371686,0.1860084388560404,0.38669648191633854,0.5,0.0007148699884684705,0.0,0.020842206262038473,0.0,0.0,0.0,0.06743273929493923,0.0831963158796485,0.0,"['Variance', 'MutualInfo', 'ANOVA', 'Chi2', 'LogReg', 'Ridge', 'RandomForest', 'RFE_Rank', 'SFS', 'Permutation', 'LASSO', 'ElasticNet', 'DecisionTree']"
mel_mean38,0.02627526024405366,0.10367799732556168,0.48707014716335945,0.5,0.0018030218408938215,0.0,0.017187401104116613,0.0,0.0,0.005293634160154695,0.10935141277709354,0.11933671666082869,0.0,"['Variance', 'MutualInfo', 'LogReg', 'Ridge', 'ANOVA', 'Chi2', 'RandomForest', 'ElasticNet', 'RFE_Rank', 'SFS', 'Permutation', 'LASSO', 'DecisionTree']"
mel_mean39,0.009232089126604894,0.09236508961010767,0.42146479753467486,0.5,0.0462963400205737,0.0,0.14316884788474832,0.0,0.0,0.0,0.06394787082693505,0.015813399600694337,0.056047939527777924,"['Variance', 'MutualInfo', 'RandomForest', 'ANOVA', 'Ridge', 'DecisionTree', 'RFE_Rank', 'LogReg', 'Chi2', 'SFS', 'Permutation', 'LASSO', 'ElasticNet']"
mel_std0,0.697383111187044,0.8077203444585571,1.0,0.5,1.0,1.0,1.0,1.0,1.0,1.0,1.0,1.0,0.8858292598845184,"['MutualInfo', 'RFE_Rank', 'SFS', 'RandomForest', 'Permutation', 'LASSO', 'ElasticNet', 'Ridge', 'LogReg', 'DecisionTree', 'ANOVA', 'Chi2', 'Variance']"
mel_std1,0.08640435650994252,0.02291238794215418,0.13971290698390948,0.5,0.02903471871736753,0.0,0.10297159392965288,0.0,0.0,0.15849072007168705,0.22471392051210776,0.22726584118586468,0.027015712061300035,"['Variance', 'LogReg', 'Ridge', 'ElasticNet', 'MutualInfo', 'RandomForest', 'Chi2', 'RFE_Rank', 'DecisionTree', 'ANOVA', 'SFS', 'Permutation', 'LASSO']"
mel_std2,0.02516644069393752,0.16584722420207434,0.4212378137166928,0.5,0.015441191525734917,0.0,0.07269478004704495,0.0,0.24577332091742743,0.2854194812676448,0.27204948975704096,0.30049143684220697,0.03340910317599156,"['Variance', 'MutualInfo', 'LogReg', 'ElasticNet', 'Ridge', 'LASSO', 'ANOVA', 'RandomForest', 'DecisionTree', 'Chi2', 'RFE_Rank', 'SFS', 'Permutation']"
mel_std3,0.09773319641024503,0.23297695041569078,0.266720806937509,0.5,0.02626052952430882,1.0,0.07406995445098793,0.0,0.03648076698195234,0.07892875002808693,0.07868647373980041,0.1124538644158613,0.1424895665247952,"['SFS', 'Variance', 'MutualInfo', 'ANOVA', 'DecisionTree', 'LogReg', 'Chi2', 'ElasticNet', 'Ridge', 'RandomForest', 'LASSO', 'RFE_Rank', 'Permutation']"
mel_std4,0.19603114164593688,0.3787113618478527,0.3596215747903108,0.25,0.05330887350643069,0.0,0.11173643345526502,0.0,0.03248368161261177,0.11083933190685744,0.17520225329183686,0.1911305622510871,0.010346176927172901,"['ANOVA', 'MutualInfo', 'Variance', 'Chi2', 'LogReg', 'Ridge', 'RandomForest', 'ElasticNet', 'RFE_Rank', 'LASSO', 'DecisionTree', 'SFS', 'Permutation']"
mel_std5,0.21924488166888104,0.3515194339212496,0.26860057498859957,0.5,0.027596250248795376,0.0,0.09688770705358592,0.0,0.001170772028248041,0.03072082585067428,0.07716160494167267,0.06870453404501753,0.05561485295612429,"['Variance', 'ANOVA', 'MutualInfo', 'Chi2', 'RandomForest', 'Ridge', 'LogReg', 'DecisionTree', 'ElasticNet', 'RFE_Rank', 'LASSO', 'SFS', 'Permutation']"
mel_std6,0.19648654982627248,0.39780097097184186,0.5005282139477285,0.5,0.03227127275667082,0.0,0.1703292952886881,0.0,0.026302506718423487,0.006174016079212547,0.02641348508542984,0.0,0.0,"['MutualInfo', 'Variance', 'ANOVA', 'Chi2', 'RandomForest', 'RFE_Rank', 'Ridge', 'LASSO', 'ElasticNet', 'SFS', 'Permutation', 'LogReg', 'DecisionTree']"
mel_std7,0.0809856363672582,0.1748885036328425,0.40546603402894604,0.5,0.0015421914345336513,0.0,0.02407017781521325,0.0,0.0,0.04692387613478298,0.13776156781734292,0.18904121241214128,0.026195774081175186,"['Variance', 'MutualInfo', 'LogReg', 'ANOVA', 'Ridge', 'Chi2', 'ElasticNet', 'DecisionTree', 'RandomForest', 'RFE_Rank', 'SFS', 'Permutation', 'LASSO']"
mel_std8,0.15806294957688422,0.25712350017406777,0.12014109838010294,0.25,0.0029784094931995827,0.0,0.032746021558735204,0.0,0.0,0.0017792612544528408,0.07209480872874262,0.027535004840293215,0.0,"['ANOVA', 'Variance', 'Chi2', 'MutualInfo', 'Ridge', 'RandomForest', 'LogReg', 'RFE_Rank', 'ElasticNet', 'SFS', 'Permutation', 'LASSO', 'DecisionTree']"
mel_std9,0.14753346719489163,0.21769638547313172,0.36569527884030356,0.25,0.0010541861577559588,0.0,0.0357693818445585,0.0,0.16095239738235617,0.24222148910785588,0.2615118859288837,0.3307424282737067,0.0,"['MutualInfo', 'LogReg', 'Ridge', 'Variance', 'ElasticNet', 'ANOVA', 'LASSO', 'Chi2', 'RandomForest', 'RFE_Rank', 'SFS', 'Permutation', 'DecisionTree']"
mel_std10,0.12846145999781403,0.13057461250787053,0.28172715999618064,1.0,0.00029411793823529137,0.0,0.008647725635929427,0.0,0.0,0.0013202783980860251,0.061166942330655186,0.05648674812092149,0.0,"['Variance', 'MutualInfo', 'ANOVA', 'Chi2', 'Ridge', 'LogReg', 'RandomForest', 'ElasticNet', 'RFE_Rank', 'SFS', 'Permutation', 'LASSO', 'DecisionTree']"
mel_std11,0.17707071596902443,0.1883691646819423,0.49029051542051255,1.0,0.00039611843529371404,0.0,0.023872378900313674,0.0,0.0,0.0,0.027762679431477682,0.040600874458360456,0.0,"['Variance', 'MutualInfo', 'ANOVA', 'Chi2', 'LogReg', 'Ridge', 'RandomForest', 'RFE_Rank', 'SFS', 'Permutation', 'LASSO', 'ElasticNet', 'DecisionTree']"
mel_std12,0.18888355992725914,0.1591306428969907,0.2867739898627791,0.5,0.0009386742703645419,0.0,0.0030379971978202152,0.0,0.0,0.0,0.005748594264880197,0.03861528665639316,0.0,"['Variance', 'MutualInfo', 'Chi2', 'ANOVA', 'LogReg', 'Ridge', 'RandomForest', 'RFE_Rank', 'SFS', 'Permutation', 'LASSO', 'ElasticNet', 'DecisionTree']"
mel_std13,0.3063815896615497,0.20345021629732826,0.3036068329897139,1.0,0.0012928261008545298,0.0,0.05638761649741611,0.0,0.0,0.0,0.044529484132626314,0.0028352736995037858,0.0,"['Variance', 'Chi2', 'MutualInfo', 'ANOVA', 'RandomForest', 'Ridge', 'LogReg', 'RFE_Rank', 'SFS', 'Permutation', 'LASSO', 'ElasticNet', 'DecisionTree']"
mel_std14,0.3321976410198814,0.21540956992597762,0.3526149927304081,0.5,0.0023623930733564745,0.0,0.03047940277243268,0.0,0.0,0.0,0.08093366104124491,0.03770813480948978,0.0,"['Variance', 'MutualInfo', 'Chi2', 'ANOVA', 'Ridge', 'LogReg', 'RandomForest', 'RFE_Rank', 'SFS', 'Permutation', 'LASSO', 'ElasticNet', 'DecisionTree']"
mel_std15,0.3500136067400259,0.17518130044010582,0.42402140337496197,0.25,0.009996165125027138,0.0,0.02508764266690971,0.0,0.0,0.029134354192367887,0.09908996061957681,0.11809445024929455,0.014318187075424954,"['MutualInfo', 'Chi2', 'Variance', 'ANOVA', 'LogReg', 'Ridge', 'ElasticNet', 'RandomForest', 'DecisionTree', 'RFE_Rank', 'SFS', 'Permutation', 'LASSO']"
mel_std16,0.2943361005537786,0.1417891689478765,0.2705652282994882,0.5,0.0036601343302831778,0.0,0.016532520506798213,0.0,0.046116886357000265,0.06217846352503622,0.1055991453808945,0.09535711574541635,0.0,"['Variance', 'Chi2', 'MutualInfo', 'ANOVA', 'Ridge', 'LogReg', 'ElasticNet', 'LASSO', 'RandomForest', 'RFE_Rank', 'SFS', 'Permutation', 'DecisionTree']"
mel_std17,0.22677727831935346,0.0923232394117417,0.32857098649806193,0.5,0.006750247719619855,0.0,0.03676102961776748,0.0,0.0,0.0005133166595845499,0.06571116613181735,0.03553561924607874,0.010738640306568716,"['Variance', 'MutualInfo', 'Chi2', 'ANOVA', 'Ridge', 'RandomForest', 'LogReg', 'DecisionTree', 'RFE_Rank', 'ElasticNet', 'SFS', 'Permutation', 'LASSO']"
mel_std18,0.2116700673764425,0.07927766741898098,0.2525683739704472,0.5,0.004029012837636409,0.0,0.016789299827835454,0.0,0.0,0.03704726969523418,0.08739961881805705,0.0795284708500104,0.0,"['Variance', 'MutualInfo', 'Chi2', 'Ridge', 'LogReg', 'ANOVA', 'ElasticNet', 'RandomForest', 'RFE_Rank', 'SFS', 'Permutation', 'LASSO', 'DecisionTree']"
mel_std19,0.2606259213148569,0.09901743807255589,0.3950838289614455,0.5,0.006483244835342985,0.0,0.044574195239318874,0.0,0.0,0.06023796398881449,0.11332936981716023,0.11027231945548883,0.0,"['Variance', 'MutualInfo', 'Chi2', 'Ridge', 'LogReg', 'ANOVA', 'ElasticNet', 'RandomForest', 'RFE_Rank', 'SFS', 'Permutation', 'LASSO', 'DecisionTree']"
mel_std20,0.31105280965818316,0.12160715653423497,0.48458592938373357,0.25,0.007026150699890953,0.0,0.05618632563061158,0.0,0.0,0.0,0.008816938330737023,0.02560135046885764,0.0,"['MutualInfo', 'Chi2', 'Variance', 'ANOVA', 'RandomForest', 'LogReg', 'Ridge', 'RFE_Rank', 'SFS', 'Permutation', 'LASSO', 'ElasticNet', 'DecisionTree']"
mel_std21,0.39178780156126214,0.14129369519206983,0.47576283606079556,0.5,0.014825456835916644,0.0,0.06663361106206513,0.0,0.0,0.004363802224496135,0.06829798067217194,0.056129721246606847,0.0,"['Variance', 'MutualInfo', 'Chi2', 'ANOVA', 'Ridge', 'RandomForest', 'LogReg', 'RFE_Rank', 'ElasticNet', 'SFS', 'Permutation', 'LASSO', 'DecisionTree']"
mel_std22,0.4013954500887833,0.14707379965808534,0.46777302347285393,0.0,0.03058826465882235,0.0,0.06790653914687098,0.0,0.07437618758283741,0.11565766812743007,0.15034935724162934,0.10210454536102073,0.0,"['MutualInfo', 'Chi2', 'Ridge', 'ANOVA', 'ElasticNet', 'LogReg', 'LASSO', 'RandomForest', 'RFE_Rank', 'Variance', 'SFS', 'Permutation', 'DecisionTree']"
mel_std23,0.46387326726306094,0.22246628599728874,0.5361711901019308,0.5,0.01608850235268295,0.0,0.07811197729243315,0.0,0.0,0.0,0.018201996552782738,0.036423398958827166,0.0,"['MutualInfo', 'Variance', 'Chi2', 'ANOVA', 'RandomForest', 'LogReg', 'Ridge', 'RFE_Rank', 'SFS', 'Permutation', 'LASSO', 'ElasticNet', 'DecisionTree']"
mel_std24,0.5237690211710708,0.3702924290381637,0.6045361804386824,1.0,0.003310418342543588,0.0,0.041434634708638785,0.0,0.0,0.04660386466111092,0.12735118722936065,0.11045424821606264,0.0,"['Variance', 'MutualInfo', 'Chi2', 'ANOVA', 'Ridge', 'LogReg', 'ElasticNet', 'RandomForest', 'RFE_Rank', 'SFS', 'Permutation', 'LASSO', 'DecisionTree']"
mel_std25,0.5916165167016375,0.44307167928091445,0.6077919653494435,0.5,0.03410062937840401,0.0,0.13768615118141897,0.0,0.0,0.0,0.03157834793880359,0.03580918274580712,0.020929184206626126,"['MutualInfo', 'Chi2', 'Variance', 'ANOVA', 'RandomForest', 'LogReg', 'RFE_Rank', 'Ridge', 'DecisionTree', 'SFS', 'Permutation', 'LASSO', 'ElasticNet']"
mel_std26,0.6684030957401405,0.5209850687790357,0.59782322201548,0.5,0.049596355790756455,0.0,0.2203611983757153,0.0,0.05052163967928021,0.10374157859620607,0.14608985199891872,0.15223561743011865,0.0,"['Chi2', 'MutualInfo', 'ANOVA', 'Variance', 'RandomForest', 'LogReg', 'Ridge', 'ElasticNet', 'LASSO', 'RFE_Rank', 'SFS', 'Permutation', 'DecisionTree']"
mel_std27,0.7062578417680287,0.6169719971385467,0.7564296530894451,0.5,0.32679760348576614,0.0,0.29186097683532336,0.0,0.0,0.0,0.025063810522751338,0.027244924873666664,0.10602662814015154,"['MutualInfo', 'Chi2', 'ANOVA', 'Variance', 'RFE_Rank', 'RandomForest', 'DecisionTree', 'LogReg', 'Ridge', 'SFS', 'Permutation', 'LASSO', 'ElasticNet']"
mel_std28,0.5743515705381735,0.6171466297155067,0.5468728739017212,1.0,0.019896213082637334,0.0,0.10790506396754555,0.0,0.0,0.0,0.007847194066239212,0.010623891288890245,0.0,"['Variance', 'ANOVA', 'Chi2', 'MutualInfo', 'RandomForest', 'RFE_Rank', 'LogReg', 'Ridge', 'SFS', 'Permutation', 'LASSO', 'ElasticNet', 'DecisionTree']"
mel_std29,0.49515281198886046,0.5377643866649597,0.5831296442008088,0.5,0.007911944477637026,0.0,0.052662145314248024,0.0,0.0,0.0002179406233751115,0.06579808636380764,0.0682854361655006,0.016107960459853073,"['MutualInfo', 'ANOVA', 'Variance', 'Chi2', 'LogReg', 'Ridge', 'RandomForest', 'DecisionTree', 'RFE_Rank', 'ElasticNet', 'SFS', 'Permutation', 'LASSO']"
mel_std30,0.5967026620411136,0.5631893360359868,0.6487165781958693,0.0,0.02079621743279436,0.0,0.037260703705456595,0.0,0.0,0.060612169924135616,0.13246991292356536,0.13618314357278935,0.0,"['MutualInfo', 'Chi2', 'ANOVA', 'LogReg', 'Ridge', 'ElasticNet', 'RandomForest', 'RFE_Rank', 'Variance', 'SFS', 'Permutation', 'LASSO', 'DecisionTree']"
mel_std31,0.7112775634024213,0.615009320827985,0.7148665694506031,0.25,0.05751639355119467,0.0,0.23717105103936897,0.0,0.0038715747165594125,0.0,0.024633020683762306,0.010963964297586356,0.0,"['MutualInfo', 'Chi2', 'ANOVA', 'Variance', 'RandomForest', 'RFE_Rank', 'Ridge', 'LogReg', 'LASSO', 'SFS', 'Permutation', 'ElasticNet', 'DecisionTree']"
mel_std32,0.7868101307188022,0.6055594697466141,0.7992035742457567,0.5,0.09117655264705062,0.0,0.24676562004468047,0.0,0.0,0.02158033350060616,0.10996374045922815,0.17299315919071878,0.0,"['MutualInfo', 'Chi2', 'ANOVA', 'Variance', 'RandomForest', 'LogReg', 'Ridge', 'RFE_Rank', 'ElasticNet', 'SFS', 'Permutation', 'LASSO', 'DecisionTree']"
mel_std33,0.7462680930875734,0.5937808526600322,0.6722372388615445,0.5,0.04334369431318017,0.0,0.2017484029700566,0.0,0.04543124939625243,0.06038094628417702,0.14663146664050145,0.15704574681790456,0.020776416438694562,"['Chi2', 'MutualInfo', 'ANOVA', 'Variance', 'RandomForest', 'LogReg', 'Ridge', 'ElasticNet', 'LASSO', 'RFE_Rank', 'DecisionTree', 'SFS', 'Permutation']"
mel_std34,0.5264376069545698,0.3918625794113481,0.4509578685415633,0.5,0.016769882169626427,0.0,0.06161345843568942,0.0,0.0007184156072534769,0.07368185416778875,0.1231733876405934,0.1434298567213402,0.0,"['Chi2', 'Variance', 'MutualInfo', 'ANOVA', 'LogReg', 'Ridge', 'ElasticNet', 'RandomForest', 'RFE_Rank', 'LASSO', 'SFS', 'Permutation', 'DecisionTree']"
mel_std35,0.5293798780459182,0.40622928597342556,0.5325776269399068,0.0,0.011233671130344272,0.0,0.041643114076302945,0.0,0.0,0.0,0.0,0.000759251678903796,0.0,"['MutualInfo', 'Chi2', 'ANOVA', 'RandomForest', 'RFE_Rank', 'LogReg', 'Variance', 'SFS', 'Permutation', 'LASSO', 'ElasticNet', 'Ridge', 'DecisionTree']"
mel_std36,0.8030305124889454,0.7710283990227581,0.8904061078747983,0.5,0.06787336581969584,0.0,0.33487284121532296,0.0,0.15957390403618793,0.22219858422535294,0.24275051605299047,0.24873014747361555,0.20130580563722617,"['MutualInfo', 'Chi2', 'ANOVA', 'Variance', 'RandomForest', 'LogReg', 'Ridge', 'ElasticNet', 'DecisionTree', 'LASSO', 'RFE_Rank', 'SFS', 'Permutation']"
mel_std37,1.0,1.0,0.9255111734697159,0.5,1.0,1.0,0.5541915641872768,0.0,0.2629192981075184,0.28425882049607043,0.29986069432097046,0.3146980733503751,1.0,"['Chi2', 'ANOVA', 'RFE_Rank', 'SFS', 'DecisionTree', 'MutualInfo', 'RandomForest', 'Variance', 'LogReg', 'Ridge', 'ElasticNet', 'LASSO', 'Permutation']"
mel_std38,0.813120830434336,0.8567170665182604,0.921311030795763,0.0,0.15849686410673178,0.0,0.18504675350188515,0.0,0.0,0.008120734481525045,0.0784425660366829,0.07320310140257837,0.0,"['MutualInfo', 'ANOVA', 'Chi2', 'RandomForest', 'RFE_Rank', 'Ridge', 'LogReg', 'ElasticNet', 'Variance', 'SFS', 'Permutation', 'LASSO', 'DecisionTree']"
mel_std39,0.7617596018766126,0.9117092862802131,0.9036404234397939,1.0,0.242647240808778,0.0,0.28751534560532316,0.0,0.2048395664091916,0.2187532852005217,0.22196595548049303,0.20285792729518384,0.0,"['Variance', 'ANOVA', 'MutualInfo', 'Chi2', 'RandomForest', 'RFE_Rank', 'Ridge', 'ElasticNet', 'LASSO', 'LogReg', 'SFS', 'Permutation', 'DecisionTree']"
